model,rmse,mae,mape
LSTM,742.4418594735944,458.144388562157,9.589424873300645
SARIMA,764.2016854355519,501.78699994394793,11.189586792511836
Prophet,767.7440433440389,501.11748673452445,11.245306517974056
